<?xml version="1.0" encoding="utf-8"?>
<!DOCTYPE install PUBLIC "-//Joomla! 2.5//DTD template 1.0//EN" "http://www.joomla.org/xml/dtd/2.5/template-install.dtd">

<extension version="2.5" type="template" method="upgrade">
	
	<name>co_FREIENSTEINAU_3</name><!-- name the template -->
	<creationDate>2014-02</creationDate><!-- the date your are beginn to code -->
	<author>Claudia Oerter</author><!-- your name (oops, I repeat myself) -->
	<copyright>Copyright © das-webconcept.de</copyright><!-- for who you are coding -->
	<authorEmail>co@das-webconcept.de</authorEmail><!-- your email address -->
	<authorUrl>http://www.das-webconcept.de</authorUrl><!-- your url -->
	<version>1.0.0</version><!-- give your template a number -->
	<description><![CDATA[ 
		<h1>Joomla 3 Template für Gemeinde Freiensteinau</h1>
		<p><img src="../templates/co_FREIENSTEINAU_3/template_thumbnail.png" /></p>
		<span class="crl"></span>
		<h2>Module Positionen:</h2>
		<ol>
		<li>breadcrumb    -- Navigationspfad (frontpage)</li>
		<li>breadcrumb2    -- Navigationspfad (not frontpage)</li>
		<li>top-02        -- Karte über der Headergrafik</li>
	    <li>searchleft    -- Suchformular links. nur für die frontpage</li>
	    <li>searchright   -- Suchformular recht. allgemeines suchformular, nicht für die frontpage</li>
		<li>leftpos1      -- links 1.Position</li>
		<li>leftpos2      -- links 2. Position</li>
		<li>rightpos1     -- rechts 1. Position </li>
		<li>rightpos2     -- rechts 2. Position</li>
		<li>bottom-01     -- unten oberhalb des Footers</li>
		<li>footerCol1innerCol1    -- Fusszeile 1.Spalte - 1.Spalte</li>
		<li>footerCol1innerCol2    -- Fusszeile 1.Spalte - 2.Spalte</li>
		<li>footerCol2    -- Fusszeile 2. Spalte</li>
		<li>footertop     -- Fuss 1.Zeile </li>
		<li>frontpage     -- Startseite im Inhaltsbereich</li>
		<li>navmain       -- Hauptnavigation</li>
		<li>navtop        -- Navigation ganz oben</li>
		<li>navleft       -- Navigation Links</li>
		<li>headerimage   -- Headerbilder</li>
		<li>beforecontent -- vor Joomla Content</li>
		<li>aftercontent  -- nach Joomlacontent</li>
		<li>flexicontent  -- Dummypostion für Flexicontent, z.B Module im Template Standardtabs</li>
		<li>debug</li>
		</ol>
		<p>Template created by:  <a href="http://www.das-webconcept.de" target="_blank">Claudia Oerter  -  Marius Bauer | www.das-webconcept.de | Entwurf Joy-Design  </a>.</p>
	]]></description><!-- change the description as you like -->
	
	
	<files>
		<folder>css</folder>
		<folder>jquery</folder>
		<folder>footable</folder>
		<folder>less</folder>
		<folder>flexi_tmpl</folder>
		<folder>fonts</folder>
		<folder>html</folder>
		<folder>images</folder>
		<folder>js</folder>
		<folder>languages</folder>
		<filename>component.php</filename>
		<filename>error.php</filename>
		<filename>favicon.ico</filename>
		<filename>index.html</filename>      
		<filename>index.php</filename>
		<filename>offline.php</filename>
		<filename>template_preview.png</filename>
		<filename>template_thumbnail.png</filename>
		<filename>templateDetails.xml</filename>
		<filename>frontpagemodules.php</filename>
	</files>
	
	<languages folder="languages">
		<language tag="de-DE">de-DE/de-DE.tpl_co_FREIENSTEINAU_3.ini</language>
		<language tag="de-DE">de-DE/de-DE.tpl_co_FREIENSTEINAU_3.sys.ini</language>
		<language tag="en-GB">en-GB/en-GB.tpl_co_FREIENSTEINAU_3.ini</language>
		<language tag="en-GB">en-GB/en-GB.tpl_co_FREIENSTEINAU_3.sys.ini</language>
	</languages>
	
	
<!--  Modulpositionen -->	
	<positions>
		<position>breadcrumb</position>
		<position>breadcrumb2</position>
		<position>top-02</position>
	    <position>searchleft</position>
	    <position>searchright</position>
		<position>leftpos1</position>
		<position>leftpos2</position>
		<position>rightpos1</position>
		<position>rightpos2</position>
		<position>footerCol1innerCol1</position>
		<position>footerCol1innerCol2</position>
		<position>footerCol2</position>
		<position>footertop</position>
		<position>frontpage</position>
		<position>navmain</position>
		<position>navtop</position>
		<position>navleft</position>
		<position>headerimage</position>
		<position>beforecontent</position>
		<position>aftercontent</position>
		<position>flexicontent</position>
		<position>bottom-01</position>
		<position>debug</position>
	</positions>
    
<config> 
 	<fields name="params">
	    <fieldset name="bootstrap"> 	

			 <!-- Bootstrap -->
			 
  		    <field name="bootstrap" type="radio" default="1" label="TPL_CO_FREIENSTEINAU_3_PARAMETER_BOOTSTRAP_LABEL" description="TPL_CO_FREIENSTEINAU_3_PARAMETER_BOOTSTRAP_DESC">
  					<option value="0">Nein</option>
  					<option value="1">Ja</option>
  		    </field>
			
			<field name="bootstrap-layout" type="radio" default="0" label="TPL_CO_FREIENSTEINAU_3_PARAMETER_BOOTSTRAP-LAYOUT_LABEL" description="TPL_CO_FREIENSTEINAU_3_PARAMETER_BOOTSTRAP-LAYOUT_DESC">
  					<option value="0">row</option>
  					<option value="1">fluid row</option>
  		    </field>

			<field name="bootstrap-script" type="radio" default="0" label="TPL_CO_FREIENSTEINAU_3_PARAMETER_BOOTSTRAPSCRIPT_LABEL" description="TPL_CO_FREIENSTEINAU_3_PARAMETER_BOOTSTRAPSCRIPT_DESC">
  					<option value="0">Nein</option>
  					<option value="1">Ja</option>
  		    </field>
			
			<field name="bootstrap-responsive" type="radio" default="0" label="TPL_CO_FREIENSTEINAU_3_PARAMETER_BOOTSTRAP-RESPONSIVE_LABEL" description="TPL_CO_FREIENSTEINAU_3_PARAMETER_BOOTSTRAP-RESPONSIVE_DESC">
  					<option value="0">NEIN</option>
  					<option value="1">JA</option>
  		    </field>

			
		</fieldset>
			
		<fieldset name="jquery">
			<!-- jquery -->

			<field name="jquery" type="radio" default="0" label="TPL_CO_FREIENSTEINAU_3_PARAMETER_JQUERY_LABEL" description="TPL_CO_FREIENSTEINAU_3_PARAMETER_JQERY_DESC">
  					<option value="0">Nein</option>
  					<option value="1">Ja</option>
  		    </field>
			
			<field name="jquery_host" type="url" default="http://code.jquery.com/jquery.js" label="TPL_CO_FREIENSTEINAU_3_PARAMETER_JQUERYURL_LABEL" description="TPL_CO_FREIENSTEINAU_3_PARAMETER_JQERYURL_DESC"></field>
			<field name="jquery_local" type="filelist" default="jquery-1.8.2.min.js"
					        label="TPL_CO_FREIENSTEINAU_3_PARAMETER_JQUERYURL_LOCAL_LABEL"
					        description="TPL_CO_FREIENSTEINAU_3_PARAMETER_JQERYURL_LOCAL_DESC"
					        directory="templates/co_FREIENSTEINAU_3/jquery" exclude="" stripext=""  />
			
		</fieldset>
		
		<fieldset name="responsive">	
			<!-- Responsive Tables -->

         	<field name="footable" type="radio" default="0" label="TPL_CO_FREIENSTEINAU_3_PARAMETER_TABLERES_LABEL" description="TPL_CO_FREIENSTEINAU_3_PARAMETER_TABLERES_DESC">
  					<option value="0">Nein</option>
  					<option value="1">Ja</option>
  		    </field>
			<!-- MODERNIZR -->
  			<field name="modernizr" type="radio" default="0" label="TPL_CO_FREIENSTEINAU_3_PARAMETER_MODERNIZR_LABEL" description="TPL_CO_FREIENSTEINAU_3_PARAMETER_MODERNIZR_DESC">
  					<option value="0">Nein</option>
  					<option value="1">Ja</option>
  			</field>
			

  	    </fieldset>
		   
		<fieldset name="advanced">
			

			<!-- Flexicontent CSS im Template einbinden -->
	        <field name="flexicontent" type="radio" default="1" label="TPL_CO_FREIENSTEINAU_3_FIELD_FLEXICONTENT_LABEL" description="TPL_CO_FREIENSTEINAU_3_FIELD_FLEXICONTENT_DESC">
                   <option value="1">Ja</option>
                   <option value="0">Nein</option>
			</field>
			
			 <field type="spacer" name="spacer" hr="true" /> 

			<!-- Nachricht bei veralteten Browser -->
	        <field name="browsermsg" type="radio" default="1" label="Hinweis auf IE6+7" description="">
                   <option value="1">Ja</option>
                   <option value="0">Nein</option>
	         </field>
			
	        <field name="linkie" type="text" default="http://windows.microsoft.com/de-DE/internet-explorer/products/ie/home" label="Link zum Update IE" description="" size="30" />	   
	        <field name="linkfirefox" type="text" default="http://www.mozilla.org/de/firefox/fx/" label="Link zum Firefox" description="" size="30" />	
			 
	        <field name="infomsg" type="textarea" rows="10" cols="30" default="Achtung! Ihr Browser ist veraltet. Die Website wird womöglich nicht korrekt dargestellt. Es ist zu empfehlen Ihren Browser zu aktualisieren:" label="Infotext" description="Infotext für veralteten Browser" />	 

		   <field type="spacer" name="spacer" hr="true" /> 

			<!-- Schriftgroesse einstellen  -->
	        <field name="fontsize" type="radio" default="1" label="TPL_CO_FREIENSTEINAU_3_FIELD_FONTSIZE_LABEL" description="TPL_CO_FREIENSTEINAU_3_FIELD_FONTSIZE_DESC">
                   <option value="1">Ja</option>
                   <option value="0">Nein</option>
			</field>
			
			<!--  Fehlerseite 404  -->
			<field name="errorsite" type="menuitem" default="45" label="TPL_WBC_BLANCO_J3_FIELD_ERROR_SITE_LABEL" description="TPL_WBC_BLANCO_J3_ERROR_SITE_DESC" />

			<!-- Headerbilder -->
			
			<field name="headerimg-select" type="radio" default="1" label="TPL_CO_FREIENSTEINAU_3_HEADERIMG_SELECT_LABEL" description="TPL_CO_FREIENSTEINAU_3_HEADERIMG_SELECT_DESC">
				<option value="1">Ja</option>
				<option value="0">Nein</option>
			</field>

			<field name="headerimg" type="imagelist" default="default-headerimg.jpg"
					        label="TPL_CO_FREIENSTEINAU_3_FIELD_HEADERIMAGE_LABEL"
					        description="TPL_CO_FREIENSTEINAU_3_FIELD_HEADERIMAGE_DESC"
					        directory="/images/headerimg/" exclude="" stripext=""  />

			<!-- Logos -->
	        <field name="logo" type="imagelist" default="logo_png32.png"
					        label="TPL_CO_FREIENSTEINAU_3_FIELD_LOGO_1_LABEL"
					        description="TPL_CO_FREIENSTEINAU_3_FIELD_LOGO_1_DESC"
					        directory="images/layoutgrafiken/" exclude="" stripext=""  />

			<!-- Bild unter logo -->
			<field name="sublogo-select" type="radio" default="1" 
							label="TPL_CO_FREIENSTEINAU_3_SUBLOGO_SELECT_LABEL" 
							description="TPL_CO_FREIENSTEINAU_3_SUBLOGO_SELECT_DESC">
				<option value="1">Ja</option>
				<option value="0">Nein</option>
			</field>
			
			<field name="sublogo" type="imagelist" default="map_header_kulturell.png"
					        label="TPL_CO_FREIENSTEINAU_3_FIELD_SUBLOGO_1_LABEL"
					        description="TPL_CO_FREIENSTEINAU_3_FIELD_SUBLOGO_1_DESC"
					        directory="images/header_maps/" exclude="" stripext=""  />
					        
					        
			<field name="sitetitle"  type="text" default=""
					label="TPL_CO_FREIENSTEINAU_3_SITETITLE_LABEL"
					description="TPL_CO_FREIENSTEINAU_3_SITETITLE_DESC"
					filter="string" />

			<!-- Startseite und Module  -->
			<field name="sp_frontpage" type="radio" default="1" label="TPL_CO_FREIENSTEINAU_3_FIELD_FRONTPAGE_LABEL" description="TPL_CO_FREIENSTEINAU_3_FIELD_FRONTPAGE_DESC">
						<option value="1">1-spaltig</option>
						<option value="2">2-spaltig</option>
						<option value="3">3-spaltig</option>

			</field>	

			<field name="modleft" type="radio" default="0" label="TPL_CO_FREIENSTEINAU_3_FIELD_MODLEFT_LABEL" description="TPL_CO_FREIENSTEINAU_3_FIELD_MODLEFT_DESC">
					<option value="1">Ja</option>
					<option value="0">Nein</option>
			</field>	
			
			<field name="modright" type="radio" default="0" label="TPL_CO_FREIENSTEINAU_3_FIELD_MODRIGHT_LABEL" description="TPL_CO_FREIENSTEINAU_3_FIELD_MODRIGHT_DESC">
					<option value="1">Ja</option>
					<option value="0">Nein</option>
			</field>	

			<!--  Doctype -->
	        <field name="html5" type="list" default="0"	label="TPL_CO_FREIENSTEINAU_3_FIELD_HTML5_LABEL" description="TPL_CO_FREIENSTEINAU_3_FIELD_HTML5_DESC" filter="int">
					        <option value="0">TPL_CO_FREIENSTEINAU_3_OPTION_XHTML</option>
					        <option value="1">TPL_CO_FREIENSTEINAU_3_OPTION_HTML5</option>
			</field>  

			<field name="mobil" type="radio" default="0" label="TPL_CO_FREIENSTEINAU_3_MOBIL_LABEL" description="TPL_CO_FREIENSTEINAU_3_MOBIL_DESC">
					<option value="1">Ja</option>
					<option value="0">Nein</option>
			</field>	

			
		</fieldset>
	</fields>
</config></extension>
